Age,TypeofContact,CityTier,DurationOfPitch,Occupation,Gender,NumberOfPersonVisiting,NumberOfFollowups,ProductPitched,PreferredPropertyStar,MaritalStatus,NumberOfTrips,Passport,PitchSatisfactionScore,OwnCar,NumberOfChildrenVisiting,Designation,MonthlyIncome
44.0,1,1,8.0,2,1,3,1.0,3,3.0,1,2.0,1,4,1,0.0,3,22879.0
35.0,1,3,20.0,3,2,3,4.0,3,3.0,1,3.0,0,1,1,2.0,3,27306.0
47.0,1,3,7.0,3,1,4,4.0,3,5.0,1,3.0,0,2,1,2.0,3,29131.0
32.0,1,1,6.0,2,2,3,3.0,1,4.0,1,2.0,0,3,1,0.0,2,21220.0
59.0,1,1,9.0,1,2,3,4.0,0,3.0,2,6.0,0,2,1,2.0,1,21157.0
44.0,1,3,11.0,3,2,2,3.0,2,4.0,0,1.0,0,5,1,1.0,4,33213.0
32.0,1,1,35.0,2,1,2,4.0,0,4.0,2,2.0,0,3,1,0.0,1,17837.0
27.0,1,3,7.0,2,2,3,4.0,1,3.0,1,3.0,0,5,0,2.0,2,23974.0
38.0,0,3,8.0,2,2,2,4.0,1,3.0,0,4.0,0,5,1,1.0,2,20249.0
32.0,1,1,12.0,1,2,3,4.0,0,3.0,1,2.0,1,4,1,1.0,1,23499.0
40.0,1,1,30.0,1,2,3,3.0,1,3.0,1,2.0,0,3,1,1.0,2,18319.0
38.0,1,1,20.0,3,2,3,4.0,1,3.0,1,3.0,0,1,0,1.0,2,22963.0
35.0,0,3,6.0,3,0,3,3.0,3,3.0,3,2.0,0,5,1,0.0,3,23789.0
35.0,1,1,8.0,2,1,3,3.0,0,5.0,1,2.0,1,1,1,1.0,1,17074.0
34.0,1,1,17.0,3,2,3,6.0,0,3.0,1,2.0,0,5,0,1.0,1,22086.0
33.0,1,1,36.0,2,1,3,5.0,0,4.0,3,3.0,0,3,1,1.0,1,21515.0
51.0,1,1,15.0,2,2,3,3.0,0,3.0,0,4.0,0,3,1,0.0,1,17075.0
29.0,0,3,30.0,1,2,2,1.0,0,5.0,2,2.0,0,3,1,1.0,1,16091.0
34.0,0,3,25.0,3,2,3,2.0,1,3.0,2,1.0,1,2,1,2.0,2,20304.0
38.0,1,1,14.0,3,2,2,4.0,3,3.0,2,6.0,0,2,0,1.0,3,32342.0
46.0,1,1,6.0,3,2,3,3.0,3,5.0,1,1.0,0,2,0,0.0,3,24396.0
54.0,1,2,25.0,3,2,2,3.0,3,4.0,0,3.0,0,3,1,0.0,3,25725.0
56.0,1,1,15.0,3,2,2,3.0,4,3.0,1,1.0,0,4,0,0.0,0,26103.0
30.0,0,1,10.0,1,2,2,3.0,0,3.0,2,19.0,1,4,1,1.0,1,17285.0
26.0,1,1,6.0,3,2,3,3.0,0,5.0,2,1.0,0,5,1,2.0,1,17867.0
33.0,1,1,13.0,3,2,2,3.0,3,3.0,1,1.0,0,4,1,0.0,3,26691.0
24.0,1,1,23.0,2,2,3,4.0,0,4.0,1,2.0,0,3,1,1.0,1,17127.0
30.0,1,1,36.0,2,2,4,6.0,1,3.0,1,2.0,0,5,1,3.0,2,25062.0
33.0,0,3,8.0,3,1,3,3.0,1,4.0,2,1.0,0,1,0,0.0,2,20147.0
53.0,0,3,8.0,3,1,2,4.0,3,4.0,1,3.0,0,1,1,0.0,3,22525.0
29.0,0,3,14.0,2,2,3,4.0,1,5.0,3,2.0,0,3,1,2.0,2,23576.0
39.0,1,1,15.0,3,2,2,3.0,1,5.0,1,2.0,0,4,1,0.0,2,20151.0
46.0,1,3,9.0,2,2,4,4.0,1,4.0,1,2.0,0,5,1,3.0,2,23483.0
35.0,1,1,14.0,2,1,3,4.0,3,4.0,2,2.0,0,3,1,1.0,3,30672.0
35.0,0,3,9.0,3,1,4,4.0,0,3.0,1,8.0,0,5,0,1.0,1,20909.0
33.0,0,1,7.0,2,1,4,5.0,0,4.0,1,8.0,0,3,0,3.0,1,21010.0
29.0,0,1,16.0,2,1,2,4.0,0,3.0,3,2.0,0,4,1,0.0,1,21623.0
41.0,0,3,16.0,2,2,2,3.0,1,3.0,2,1.0,0,1,0,1.0,2,21230.0
43.0,1,1,36.0,3,2,3,6.0,1,3.0,3,6.0,0,3,1,1.0,2,22950.0
35.0,0,3,13.0,3,1,3,6.0,0,3.0,1,2.0,0,4,0,2.0,1,21029.0
41.0,1,3,12.0,2,1,3,3.0,3,3.0,2,4.0,1,1,0,0.0,3,28591.0
33.0,1,1,6.0,2,1,2,4.0,1,3.0,3,1.0,0,4,0,0.0,2,21949.0
40.0,0,1,15.0,3,0,2,3.0,3,3.0,3,1.0,0,4,0,0.0,3,28499.0
26.0,0,1,9.0,1,2,3,3.0,0,5.0,2,1.0,0,3,0,1.0,1,18102.0
41.0,1,1,25.0,2,2,2,3.0,1,5.0,1,3.0,0,1,0,0.0,2,18072.0
37.0,0,1,17.0,2,2,2,3.0,3,3.0,1,2.0,1,3,0,1.0,3,27185.0
31.0,1,3,13.0,2,2,2,4.0,0,3.0,1,4.0,0,4,1,1.0,1,17329.0
45.0,1,3,8.0,2,2,3,6.0,1,4.0,2,8.0,0,3,0,2.0,2,21040.0
33.0,0,1,9.0,2,2,3,3.0,0,5.0,2,2.0,1,5,1,2.0,1,18348.0
33.0,1,1,9.0,3,1,4,4.0,0,4.0,0,3.0,0,4,0,1.0,1,21048.0
33.0,1,1,14.0,2,2,3,3.0,1,3.0,3,3.0,1,3,0,2.0,2,21388.0
30.0,1,3,18.0,1,1,2,3.0,1,3.0,3,1.0,0,2,1,0.0,2,21577.0
42.0,0,1,25.0,3,2,2,2.0,0,3.0,1,7.0,1,3,1,1.0,1,17759.0
46.0,1,1,8.0,2,2,2,3.0,4,3.0,1,7.0,0,5,1,0.0,0,32861.0
51.0,1,1,16.0,2,2,4,4.0,0,3.0,1,6.0,0,5,1,3.0,1,21058.0
30.0,1,1,8.0,2,1,2,5.0,1,3.0,2,3.0,0,1,1,0.0,2,21091.0
37.0,0,1,25.0,2,2,3,3.0,0,3.0,0,6.0,0,5,0,1.0,1,22366.0
28.0,0,2,6.0,2,2,2,3.0,0,3.0,1,2.0,0,4,0,1.0,1,17706.0
42.0,1,1,12.0,3,2,2,3.0,3,5.0,1,1.0,0,3,1,0.0,3,28348.0
44.0,1,1,10.0,3,2,2,3.0,1,4.0,2,1.0,0,2,1,0.0,2,20933.0
39.0,0,1,9.0,3,1,3,5.0,0,4.0,2,3.0,0,1,1,1.0,1,21118.0
42.0,1,1,23.0,2,1,2,2.0,1,5.0,3,4.0,1,2,0,0.0,2,21545.0
39.0,0,1,28.0,3,0,2,3.0,3,5.0,3,2.0,1,5,1,1.0,3,25880.0
28.0,0,1,6.0,2,1,2,5.0,1,3.0,0,1.0,0,3,1,0.0,2,21674.0
43.0,1,1,20.0,2,2,3,3.0,4,5.0,1,7.0,0,5,1,1.0,0,32159.0
45.0,1,1,22.0,3,1,4,4.0,3,3.0,0,3.0,0,3,0,2.0,3,26656.0
53.0,1,1,13.0,1,2,4,4.0,1,5.0,1,5.0,1,4,1,2.0,2,24255.0
42.0,1,1,16.0,2,2,4,4.0,0,5.0,1,4.0,0,1,0,1.0,1,20916.0
36.0,1,1,33.0,3,2,3,3.0,1,3.0,0,7.0,0,3,1,0.0,2,20237.0
22.0,1,1,7.0,1,1,4,5.0,0,4.0,2,3.0,1,5,0,3.0,1,20748.0
37.0,1,1,12.0,2,2,4,4.0,1,4.0,3,2.0,0,2,0,3.0,2,24592.0
30.0,0,3,20.0,1,0,3,4.0,1,4.0,3,7.0,0,3,0,2.0,2,24443.0
36.0,0,1,18.0,3,2,4,5.0,3,5.0,1,4.0,1,5,1,3.0,3,28562.0
40.0,1,1,10.0,3,1,2,3.0,2,3.0,0,2.0,0,5,0,1.0,4,34033.0
51.0,0,1,14.0,2,2,2,5.0,3,3.0,3,3.0,0,2,0,1.0,3,25650.0
39.0,1,3,7.0,2,2,3,5.0,0,5.0,3,6.0,0,3,0,2.0,1,21536.0
43.0,1,1,18.0,2,2,2,4.0,4,4.0,1,2.0,0,3,0,1.0,0,29336.0
35.0,1,1,10.0,2,2,3,3.0,0,3.0,1,2.0,0,4,0,0.0,1,16951.0
40.0,0,1,9.0,1,1,4,4.0,3,3.0,2,2.0,0,2,1,2.0,3,29616.0
27.0,1,3,17.0,3,2,3,4.0,1,3.0,3,3.0,0,1,0,1.0,2,23362.0
26.0,0,1,8.0,2,2,2,3.0,0,5.0,0,7.0,1,5,1,0.0,1,17042.0
43.0,0,3,32.0,2,2,3,3.0,4,3.0,0,2.0,1,2,0,0.0,0,31959.0
32.0,1,1,18.0,3,2,4,4.0,1,5.0,0,3.0,1,2,0,3.0,2,25511.0
35.0,1,1,12.0,3,1,3,5.0,3,5.0,2,4.0,0,2,0,1.0,3,30309.0
34.0,1,1,11.0,3,1,3,5.0,0,4.0,1,8.0,0,4,0,2.0,1,21300.0
31.0,1,1,14.0,2,1,2,4.0,0,4.0,2,2.0,0,4,0,1.0,1,16261.0
35.0,1,3,16.0,2,1,4,4.0,1,3.0,1,3.0,0,1,0,1.0,2,24392.0
42.0,0,3,16.0,2,2,3,6.0,4,3.0,1,2.0,0,5,1,2.0,0,24829.0
34.0,1,1,14.0,2,1,2,3.0,1,5.0,1,4.0,0,5,1,1.0,2,20121.0
34.0,1,1,9.0,2,1,3,4.0,0,5.0,0,2.0,0,3,1,1.0,1,21385.0
34.0,1,1,13.0,2,0,2,3.0,3,4.0,3,1.0,0,3,1,0.0,3,26994.0
39.0,1,1,36.0,1,2,3,4.0,1,3.0,0,5.0,0,2,0,2.0,2,24939.0
29.0,1,1,12.0,1,2,3,4.0,0,3.0,3,3.0,1,1,0,1.0,1,22119.0
35.0,0,1,8.0,3,2,2,3.0,1,3.0,1,3.0,0,3,0,1.0,2,20762.0
26.0,1,3,10.0,3,2,2,4.0,1,3.0,2,2.0,1,2,1,1.0,2,20828.0
37.0,1,1,10.0,2,1,3,4.0,0,3.0,1,7.0,0,2,1,1.0,1,21513.0
35.0,0,1,16.0,2,2,4,4.0,1,5.0,1,6.0,0,3,0,2.0,2,24024.0
40.0,0,1,9.0,2,2,3,4.0,4,3.0,1,2.0,0,3,1,1.0,0,30847.0
33.0,1,3,11.0,3,1,2,3.0,0,3.0,2,2.0,1,2,1,0.0,1,17851.0
38.0,1,3,15.0,3,2,3,4.0,0,4.0,0,1.0,0,4,0,0.0,1,17899.0
33.0,0,1,20.0,2,1,4,5.0,0,4.0,1,3.0,0,5,1,1.0,1,21421.0
29.0,1,1,6.0,2,1,2,4.0,0,5.0,0,2.0,1,2,0,0.0,1,17319.0
34.0,1,1,14.0,3,2,3,4.0,3,3.0,1,2.0,0,4,1,1.0,3,30369.0
36.0,1,3,24.0,2,2,4,4.0,1,5.0,0,5.0,1,3,1,2.0,2,27644.0
23.0,1,3,8.0,1,2,3,3.0,0,5.0,1,4.0,0,3,1,1.0,1,17322.0
61.0,1,1,14.0,2,1,3,4.0,2,5.0,0,7.0,0,5,0,1.0,4,38244.0
55.0,0,3,8.0,2,0,2,4.0,0,3.0,2,1.0,0,5,0,0.0,1,28577.0
61.0,0,3,35.0,3,1,4,5.0,3,5.0,0,6.0,0,2,1,1.0,3,28944.0
28.0,0,3,7.0,3,2,4,4.0,1,4.0,1,2.0,1,1,0,2.0,2,25027.0
36.0,0,1,17.0,2,2,3,4.0,1,4.0,3,2.0,0,4,1,1.0,2,21499.0
41.0,0,3,35.0,2,2,3,6.0,3,5.0,1,5.0,0,5,1,1.0,3,29610.0
33.0,1,1,9.0,3,0,4,3.0,1,3.0,3,2.0,0,3,1,3.0,2,23733.0
40.0,1,1,8.0,2,2,2,4.0,0,3.0,2,3.0,0,5,0,1.0,1,17809.0
31.0,0,1,10.0,2,2,3,4.0,0,3.0,0,6.0,0,3,0,2.0,1,20775.0
39.0,1,1,7.0,1,1,4,4.0,3,5.0,1,3.0,0,4,1,2.0,3,32260.0
28.0,0,1,30.0,1,2,3,4.0,3,5.0,3,2.0,0,1,1,1.0,3,23722.0
30.0,0,1,9.0,2,1,4,4.0,0,4.0,0,2.0,0,5,0,3.0,1,21858.0
52.0,0,1,31.0,3,1,2,4.0,4,3.0,0,4.0,0,5,0,1.0,0,28826.0
22.0,1,3,19.0,2,1,3,3.0,0,4.0,3,3.0,0,5,0,2.0,1,21394.0
27.0,1,3,14.0,3,1,2,3.0,1,4.0,1,2.0,0,1,0,1.0,2,21214.0
45.0,1,1,17.0,2,2,4,4.0,0,3.0,3,3.0,1,3,1,1.0,1,21614.0
36.0,1,3,16.0,3,2,2,4.0,3,5.0,1,1.0,0,5,0,0.0,3,22094.0
43.0,1,1,13.0,2,1,2,3.0,3,5.0,0,1.0,0,5,1,0.0,3,24985.0
36.0,1,1,8.0,2,1,2,3.0,1,4.0,2,1.0,1,3,1,0.0,2,20410.0
55.0,1,1,20.0,3,2,3,2.0,2,4.0,2,1.0,0,2,0,2.0,4,33722.0
56.0,1,1,30.0,2,2,3,3.0,0,3.0,2,2.0,0,3,0,0.0,1,17587.0
42.0,1,3,6.0,2,2,2,3.0,1,3.0,0,2.0,0,3,1,0.0,2,19907.0
34.0,1,3,14.0,2,1,3,3.0,1,5.0,1,6.0,0,1,1,2.0,2,21500.0
51.0,1,1,15.0,2,2,3,3.0,0,3.0,1,4.0,0,3,1,0.0,1,17075.0
40.0,1,3,11.0,2,1,3,5.0,1,3.0,0,6.0,0,5,1,1.0,2,24580.0
53.0,0,1,26.0,3,2,3,4.0,0,3.0,0,2.0,0,3,1,1.0,1,22936.0
50.0,1,1,27.0,3,1,4,4.0,1,5.0,0,3.0,0,2,1,3.0,2,25245.0
28.0,1,1,6.0,2,1,3,5.0,0,4.0,2,1.0,1,2,1,0.0,1,17216.0
38.0,1,3,23.0,3,2,4,5.0,1,3.0,1,6.0,0,5,1,3.0,2,25012.0
49.0,1,1,26.0,3,1,3,3.0,1,5.0,1,2.0,0,1,1,0.0,2,21567.0
30.0,1,2,24.0,2,2,3,5.0,3,5.0,3,3.0,0,3,0,1.0,3,26666.0
32.0,1,1,11.0,2,2,3,2.0,0,4.0,1,1.0,1,2,1,0.0,1,18298.0
31.0,1,1,7.0,2,2,3,6.0,0,3.0,0,5.0,0,4,1,1.0,1,22511.0
36.0,1,1,28.0,2,1,3,4.0,1,3.0,1,3.0,1,3,0,1.0,2,22692.0
18.0,0,3,11.0,3,2,3,3.0,0,4.0,2,2.0,1,4,1,2.0,1,16878.0
42.0,1,1,8.0,3,1,2,4.0,0,5.0,1,1.0,1,4,1,1.0,1,17593.0
25.0,1,3,17.0,3,1,4,4.0,1,3.0,1,3.0,1,1,0,1.0,2,22938.0
38.0,1,3,8.0,3,1,3,5.0,1,3.0,1,3.0,1,3,0,0.0,2,20405.0
29.0,1,1,22.0,2,2,3,4.0,0,3.0,1,3.0,0,4,1,2.0,1,20885.0
29.0,1,1,24.0,3,2,4,4.0,1,5.0,1,3.0,0,1,0,2.0,2,23236.0
29.0,1,1,27.0,2,1,2,1.0,3,5.0,1,2.0,0,5,1,1.0,3,24980.0
39.0,1,1,16.0,3,2,3,3.0,4,5.0,1,2.0,1,3,1,2.0,0,32068.0
47.0,1,1,11.0,2,2,2,3.0,2,3.0,1,5.0,0,1,1,0.0,4,33300.0
61.0,1,3,23.0,3,2,3,4.0,1,5.0,3,2.0,0,4,1,1.0,2,24083.0
33.0,1,1,9.0,1,2,4,4.0,0,5.0,2,3.0,0,1,1,2.0,1,21117.0
54.0,1,1,25.0,3,1,3,3.0,1,5.0,1,1.0,1,3,0,2.0,2,20485.0
42.0,1,3,10.0,3,2,2,3.0,1,5.0,2,1.0,0,5,1,0.0,2,20155.0
36.0,1,1,12.0,1,2,4,4.0,3,4.0,3,2.0,0,3,0,1.0,3,26773.0
34.0,1,3,14.0,2,1,3,3.0,1,5.0,0,6.0,0,2,1,0.0,2,21500.0
27.0,1,1,32.0,2,2,3,6.0,0,3.0,2,3.0,0,2,1,2.0,1,20971.0
46.0,1,3,8.0,3,1,2,3.0,2,5.0,2,4.0,0,1,1,1.0,4,33947.0
25.0,1,1,7.0,2,2,3,5.0,1,3.0,3,3.0,0,3,1,2.0,2,23295.0
24.0,1,1,19.0,2,2,4,4.0,0,3.0,3,3.0,0,5,1,1.0,1,21325.0
46.0,1,3,16.0,2,1,3,3.0,3,4.0,1,6.0,0,1,0,2.0,3,22314.0
44.0,1,3,15.0,2,2,3,4.0,0,5.0,1,4.0,0,1,1,2.0,1,34190.0
31.0,0,1,15.0,3,2,2,4.0,0,5.0,2,1.0,1,3,1,0.0,1,17321.0
41.0,0,3,10.0,3,2,2,3.0,1,4.0,3,2.0,0,3,1,0.0,2,24355.0
27.0,0,2,24.0,2,1,3,4.0,0,3.0,1,2.0,1,5,0,2.0,1,21419.0
44.0,1,3,6.0,3,1,3,3.0,1,5.0,1,6.0,1,1,1,1.0,2,20454.0
33.0,1,3,20.0,2,2,4,4.0,1,3.0,1,4.0,0,2,0,1.0,2,23081.0
37.0,1,1,6.0,1,1,2,3.0,3,3.0,3,5.0,0,5,1,1.0,3,22491.0
23.0,1,3,13.0,2,2,2,3.0,0,3.0,1,2.0,1,1,1,0.0,1,17275.0
40.0,1,1,25.0,2,2,3,4.0,1,3.0,3,2.0,0,3,0,1.0,2,23212.0
25.0,0,1,16.0,3,2,3,4.0,0,5.0,3,4.0,1,3,0,2.0,1,21850.0
37.0,1,1,20.0,2,1,3,3.0,0,5.0,1,2.0,0,4,1,0.0,1,18034.0
57.0,1,1,30.0,2,2,2,2.0,3,3.0,1,4.0,1,4,1,1.0,3,24439.0
34.0,1,1,15.0,3,0,2,4.0,3,4.0,3,2.0,0,1,1,0.0,3,23621.0
19.0,1,1,31.0,2,1,2,1.0,0,3.0,2,2.0,1,5,1,0.0,1,17994.0
43.0,0,3,8.0,2,2,3,3.0,1,3.0,1,2.0,0,3,1,2.0,2,20675.0
25.0,0,3,20.0,2,1,4,4.0,0,4.0,0,3.0,0,1,0,1.0,1,20711.0
26.0,0,1,9.0,2,2,4,2.0,1,3.0,1,3.0,0,1,0,2.0,2,23884.0
28.0,1,1,9.0,3,1,3,3.0,3,4.0,1,1.0,0,4,0,0.0,3,22655.0
25.0,1,1,30.0,3,2,3,3.0,0,3.0,0,3.0,1,4,0,2.0,1,21403.0
52.0,1,1,7.0,2,2,4,4.0,0,3.0,1,3.0,0,4,1,1.0,1,21401.0
35.0,1,1,15.0,3,2,3,2.0,1,3.0,1,4.0,0,3,0,2.0,2,23082.0
22.0,1,1,25.0,2,1,4,4.0,0,3.0,3,3.0,0,3,1,2.0,1,21371.0
40.0,1,1,13.0,2,0,3,4.0,3,4.0,3,6.0,0,3,0,2.0,3,27054.0
43.0,0,1,9.0,3,2,3,4.0,0,3.0,2,7.0,1,2,0,2.0,1,21193.0
30.0,1,1,22.0,2,1,4,6.0,0,3.0,0,2.0,1,5,1,1.0,1,20846.0
47.0,1,1,8.0,3,1,2,3.0,4,3.0,0,4.0,0,5,1,0.0,0,32169.0
50.0,1,3,18.0,3,1,3,4.0,3,3.0,0,3.0,0,4,0,2.0,3,26332.0
32.0,0,3,9.0,2,1,3,4.0,3,3.0,1,3.0,1,1,1,1.0,3,28530.0
34.0,1,3,15.0,3,2,3,4.0,1,3.0,1,2.0,0,2,1,2.0,2,25782.0
41.0,0,1,23.0,3,2,3,5.0,1,3.0,3,8.0,0,5,1,2.0,2,23772.0
30.0,1,3,15.0,3,2,2,3.0,0,3.0,2,2.0,0,5,0,0.0,1,16081.0
51.0,0,3,19.0,2,2,3,4.0,1,3.0,2,5.0,1,3,1,2.0,2,35558.0
28.0,1,3,19.0,3,0,2,3.0,1,3.0,3,4.0,1,5,1,1.0,2,24854.0
43.0,1,3,15.0,3,2,3,4.0,1,4.0,1,2.0,0,3,1,1.0,2,25503.0
30.0,1,1,35.0,2,1,4,4.0,0,3.0,1,6.0,0,5,1,1.0,1,21192.0
33.0,1,1,11.0,2,1,4,5.0,1,3.0,0,3.0,0,4,1,1.0,2,24840.0
54.0,1,3,14.0,3,1,4,5.0,3,3.0,1,2.0,1,1,0,2.0,3,29612.0
32.0,0,3,11.0,2,2,2,3.0,1,4.0,1,2.0,0,3,1,1.0,2,21524.0
39.0,1,3,17.0,2,1,4,4.0,1,3.0,1,3.0,0,4,0,3.0,2,24021.0
37.0,1,3,17.0,3,2,3,5.0,3,5.0,1,2.0,0,5,0,1.0,3,25772.0
24.0,1,1,33.0,2,2,3,4.0,0,3.0,1,3.0,0,2,1,2.0,1,21582.0
36.0,0,3,18.0,3,2,3,4.0,1,3.0,1,3.0,0,5,0,1.0,2,23646.0
36.0,1,1,32.0,2,2,3,3.0,1,3.0,1,7.0,0,3,1,0.0,2,20347.0
33.0,0,3,6.0,2,1,2,2.0,1,5.0,0,3.0,0,3,1,0.0,2,20376.0
36.0,1,3,7.0,3,2,3,4.0,1,3.0,0,2.0,0,3,1,1.0,2,23395.0
59.0,1,1,9.0,2,2,3,4.0,0,3.0,1,4.0,0,3,0,0.0,1,17177.0
51.0,1,3,35.0,3,2,3,5.0,3,5.0,1,6.0,1,5,0,1.0,3,29532.0
60.0,1,3,32.0,2,0,3,4.0,3,5.0,3,2.0,0,3,1,1.0,3,26315.0
43.0,0,1,35.0,1,1,3,5.0,1,3.0,0,2.0,0,3,0,1.0,2,23201.0
44.0,0,1,28.0,3,2,4,4.0,0,3.0,0,2.0,0,4,0,3.0,1,20936.0
45.0,1,3,35.0,3,1,3,2.0,4,3.0,0,5.0,1,2,1,2.0,0,31998.0
29.0,1,1,24.0,3,2,4,4.0,1,5.0,1,3.0,0,2,0,1.0,2,23236.0
25.0,0,1,14.0,2,1,3,4.0,0,3.0,1,3.0,1,4,0,1.0,1,21564.0
25.0,1,1,24.0,3,1,3,5.0,1,3.0,1,3.0,0,3,1,2.0,2,23055.0
42.0,0,1,14.0,2,2,3,3.0,2,3.0,1,2.0,0,5,1,1.0,4,33430.0
41.0,1,1,15.0,2,2,3,3.0,0,5.0,1,2.0,0,5,1,1.0,1,17289.0
47.0,1,3,22.0,3,2,3,6.0,1,3.0,1,8.0,1,1,0,2.0,2,22101.0
53.0,1,1,8.0,3,2,2,1.0,4,4.0,2,5.0,0,1,1,0.0,0,31598.0
35.0,1,3,22.0,3,2,3,3.0,3,4.0,1,1.0,0,1,1,1.0,3,23020.0
55.0,1,1,8.0,2,1,3,3.0,4,3.0,2,3.0,1,5,0,1.0,0,31659.0
30.0,1,1,22.0,2,1,3,5.0,1,3.0,3,2.0,1,1,1,2.0,2,22871.0
30.0,1,1,8.0,2,1,2,5.0,1,3.0,2,3.0,0,2,0,1.0,2,21091.0
47.0,1,1,15.0,2,1,3,3.0,0,3.0,2,5.0,0,3,1,0.0,1,17105.0
29.0,1,1,21.0,2,1,3,5.0,0,3.0,0,1.0,1,5,1,0.0,1,17168.0
28.0,1,1,15.0,3,1,3,3.0,0,3.0,1,6.0,0,3,1,1.0,1,17377.0
26.0,1,1,13.0,3,1,2,4.0,3,5.0,1,1.0,1,4,1,1.0,3,17875.0
59.0,0,3,6.0,2,1,2,4.0,1,3.0,2,1.0,0,5,1,0.0,2,20473.0
34.0,0,1,9.0,2,2,2,4.0,0,3.0,1,4.0,0,1,0,0.0,1,17979.0
54.0,0,3,9.0,3,1,3,5.0,3,4.0,0,4.0,0,2,0,2.0,3,26203.0
44.0,1,2,6.0,2,1,2,4.0,1,3.0,2,5.0,0,5,1,1.0,2,20985.0
45.0,1,1,9.0,2,1,4,2.0,0,3.0,0,3.0,0,4,1,1.0,1,20689.0
47.0,1,1,7.0,3,2,4,4.0,3,5.0,1,2.0,0,2,0,1.0,3,28074.0
45.0,0,1,24.0,2,2,4,6.0,0,3.0,2,4.0,0,4,1,2.0,1,20968.0
32.0,0,1,10.0,3,2,3,4.0,0,5.0,1,3.0,1,1,0,1.0,1,21743.0
59.0,0,1,22.0,2,2,3,4.0,4,3.0,1,4.0,1,1,1,1.0,0,34465.0
55.0,1,1,20.0,3,2,3,1.0,2,4.0,2,1.0,0,1,1,1.0,4,33722.0
34.0,0,1,7.0,2,1,3,2.0,1,4.0,1,3.0,1,3,1,1.0,2,24166.0
34.0,0,1,14.0,2,2,3,4.0,1,3.0,1,3.0,0,5,1,2.0,2,24646.0
35.0,1,1,6.0,2,1,2,1.0,0,3.0,2,4.0,0,3,1,1.0,1,17506.0
44.0,1,1,29.0,3,2,3,3.0,0,5.0,2,1.0,0,3,0,2.0,1,33213.0
30.0,1,1,15.0,3,2,4,5.0,1,3.0,1,3.0,1,3,1,2.0,2,23734.0
38.0,1,3,16.0,2,1,3,3.0,1,3.0,1,2.0,0,4,0,2.0,2,20343.0
33.0,1,1,12.0,2,2,3,5.0,1,3.0,3,2.0,0,1,0,2.0,2,28357.0
29.0,1,2,23.0,2,2,2,4.0,3,5.0,3,2.0,0,3,0,0.0,3,22988.0
33.0,1,1,6.0,3,1,3,1.0,4,3.0,1,5.0,0,1,1,0.0,0,31184.0
44.0,1,1,8.0,2,1,3,1.0,0,3.0,0,2.0,0,4,1,0.0,1,17011.0
46.0,1,3,16.0,3,2,4,4.0,3,5.0,1,6.0,1,2,1,1.0,3,29439.0
21.0,0,3,24.0,3,1,3,3.0,1,3.0,1,1.0,1,5,0,1.0,2,17625.0
29.0,1,1,17.0,2,1,3,4.0,1,3.0,3,5.0,0,4,1,2.0,2,22338.0
60.0,1,3,13.0,3,2,2,1.0,1,3.0,1,1.0,1,5,0,0.0,2,20220.0
29.0,1,3,16.0,2,2,3,3.0,0,3.0,2,2.0,0,4,1,0.0,1,17642.0
38.0,1,3,9.0,2,2,2,3.0,1,3.0,3,1.0,1,3,1,1.0,2,21861.0
35.0,0,3,24.0,2,2,3,3.0,3,5.0,0,2.0,0,4,1,0.0,3,24069.0
25.0,1,1,31.0,3,2,3,4.0,0,4.0,3,2.0,0,5,0,2.0,1,22275.0
34.0,1,3,17.0,3,2,3,2.0,3,3.0,1,2.0,1,4,1,2.0,3,27058.0
40.0,1,1,9.0,1,1,4,5.0,1,3.0,3,3.0,0,1,1,2.0,2,23231.0
35.0,0,1,17.0,3,2,3,4.0,3,5.0,0,3.0,1,5,1,1.0,3,24884.0
39.0,0,1,28.0,3,0,2,3.0,3,5.0,3,2.0,1,5,1,0.0,3,25880.0
37.0,1,1,13.0,3,2,1,3.0,3,3.0,2,5.0,0,1,0,0.0,3,28664.0
30.0,1,1,24.0,2,1,3,3.0,0,3.0,2,2.0,0,1,1,2.0,1,17632.0
36.0,1,1,9.0,2,1,4,4.0,0,5.0,1,3.0,1,1,1,2.0,1,20752.0
44.0,1,1,13.0,3,1,4,5.0,1,3.0,3,3.0,1,4,1,2.0,2,22759.0
27.0,1,1,11.0,1,2,2,4.0,3,3.0,1,2.0,1,3,0,0.0,3,27808.0
32.0,1,2,29.0,2,2,3,6.0,0,3.0,1,3.0,0,1,0,2.0,1,28530.0
30.0,0,1,9.0,3,1,3,3.0,0,3.0,1,2.0,0,3,1,1.0,1,17083.0
38.0,1,1,31.0,2,1,2,4.0,3,4.0,0,4.0,0,3,1,0.0,3,27061.0
36.0,0,1,9.0,2,1,4,4.0,1,5.0,1,4.0,0,4,0,1.0,2,23771.0
32.0,1,3,13.0,2,2,4,6.0,1,3.0,1,6.0,1,3,0,3.0,2,24850.0
40.0,0,1,6.0,2,2,3,4.0,4,4.0,1,2.0,0,1,1,1.0,0,28503.0
46.0,1,3,8.0,1,1,3,5.0,4,4.0,1,4.0,1,5,1,0.0,0,31872.0
29.0,1,1,12.0,3,1,2,3.0,0,3.0,0,2.0,0,3,0,0.0,1,18131.0
48.0,0,3,34.0,2,0,4,2.0,1,3.0,3,6.0,1,4,1,3.0,2,25075.0
32.0,1,1,15.0,2,1,3,3.0,1,3.0,1,2.0,1,5,1,2.0,2,21322.0
36.0,1,1,14.0,2,2,4,4.0,0,4.0,3,3.0,1,3,1,2.0,1,24041.0
30.0,0,3,9.0,2,2,4,4.0,1,3.0,0,3.0,0,2,1,2.0,2,23327.0
35.0,0,1,9.0,2,2,4,4.0,1,3.0,3,4.0,0,4,1,3.0,2,22711.0
54.0,1,1,13.0,2,2,3,4.0,1,3.0,2,4.0,0,5,1,2.0,2,21128.0
35.0,0,3,26.0,3,2,4,2.0,1,3.0,3,2.0,1,1,0,1.0,2,23982.0
41.0,0,1,16.0,3,2,3,4.0,0,4.0,1,2.0,1,4,0,1.0,1,22295.0
25.0,1,1,25.0,2,2,3,4.0,0,3.0,1,2.0,0,4,0,1.0,1,21452.0
37.0,0,1,11.0,2,1,4,4.0,1,4.0,1,2.0,0,3,1,2.0,2,23809.0
30.0,1,3,6.0,2,2,3,4.0,1,5.0,1,2.0,0,4,1,1.0,2,24714.0
32.0,1,3,17.0,3,1,3,4.0,1,3.0,1,4.0,1,1,0,1.0,2,25261.0
34.0,1,3,12.0,3,1,3,4.0,0,3.0,3,3.0,1,2,1,1.0,1,21529.0
20.0,1,1,10.0,1,2,2,3.0,0,5.0,2,2.0,0,3,1,1.0,1,17973.0
37.0,1,1,10.0,2,2,4,2.0,1,5.0,1,8.0,0,1,1,3.0,2,25520.0
30.0,0,3,32.0,3,1,2,4.0,1,5.0,3,6.0,0,1,1,1.0,2,21696.0
34.0,0,1,13.0,2,2,2,4.0,1,3.0,1,5.0,0,5,1,1.0,2,26403.0
33.0,1,1,9.0,1,2,3,5.0,1,5.0,2,6.0,0,4,0,2.0,2,20854.0
38.0,0,1,18.0,2,2,3,4.0,3,3.0,1,3.0,1,3,1,2.0,3,30863.0
35.0,1,3,11.0,2,2,4,4.0,3,3.0,1,4.0,1,4,0,3.0,3,28391.0
29.0,1,1,34.0,3,1,3,6.0,1,5.0,1,2.0,0,4,1,1.0,2,23886.0
41.0,1,1,17.0,2,1,3,3.0,0,3.0,0,5.0,1,3,0,2.0,1,20891.0
59.0,0,2,8.0,2,1,2,4.0,2,3.0,1,1.0,0,1,0,1.0,4,33844.0
56.0,0,3,9.0,2,1,3,5.0,0,3.0,2,2.0,0,5,0,1.0,1,32255.0
28.0,0,1,10.0,3,2,3,4.0,0,3.0,0,3.0,0,2,1,1.0,1,20384.0
28.0,1,1,9.0,3,2,3,4.0,0,4.0,0,2.0,0,5,1,1.0,1,22146.0
27.0,1,3,8.0,3,1,2,1.0,1,3.0,3,1.0,0,1,0,1.0,2,21500.0
50.0,0,2,9.0,3,2,3,3.0,2,4.0,1,2.0,0,1,1,2.0,4,33200.0
38.0,1,1,6.0,2,1,2,3.0,3,3.0,3,5.0,1,1,0,1.0,3,22861.0
34.0,1,1,11.0,3,0,2,4.0,3,5.0,3,3.0,0,2,0,0.0,3,26631.0
42.0,1,1,10.0,1,2,2,3.0,2,3.0,1,2.0,0,1,0,0.0,4,34232.0
31.0,0,1,12.0,2,2,4,5.0,0,3.0,1,2.0,0,5,0,1.0,1,22439.0
37.0,1,2,20.0,2,2,3,4.0,0,4.0,0,6.0,0,3,1,1.0,1,20821.0
46.0,1,3,8.0,3,1,2,3.0,2,5.0,2,4.0,0,2,0,1.0,4,33947.0
41.0,0,3,10.0,3,2,2,3.0,1,4.0,3,2.0,0,3,1,0.0,2,24355.0
56.0,0,1,15.0,3,2,3,5.0,4,4.0,1,3.0,1,3,1,2.0,0,32255.0
27.0,1,1,9.0,3,2,3,5.0,0,3.0,3,2.0,0,3,0,1.0,1,22582.0
44.0,1,1,16.0,2,2,3,3.0,0,3.0,2,2.0,1,3,1,2.0,1,17936.0
29.0,1,1,7.0,2,2,4,5.0,0,3.0,1,3.0,0,4,0,2.0,1,20241.0
29.0,1,1,6.0,1,2,2,3.0,0,3.0,2,1.0,0,2,0,0.0,1,17058.0
32.0,0,1,6.0,2,1,3,4.0,0,4.0,1,7.0,0,3,0,2.0,1,17332.0
35.0,0,1,23.0,2,1,4,5.0,0,3.0,2,3.0,0,5,1,3.0,1,21231.0
33.0,1,1,14.0,2,2,2,1.0,0,5.0,1,7.0,0,3,1,1.0,1,18143.0
33.0,0,3,33.0,3,2,4,4.0,1,3.0,0,2.0,0,4,1,3.0,2,23143.0
43.0,0,1,33.0,2,1,2,3.0,3,5.0,1,1.0,0,4,1,0.0,3,25820.0
44.0,1,2,9.0,2,2,4,4.0,0,3.0,3,2.0,0,1,0,1.0,1,22217.0
29.0,1,1,16.0,3,1,4,4.0,0,3.0,1,7.0,0,3,1,2.0,1,21055.0
21.0,1,1,11.0,1,2,3,4.0,0,5.0,3,3.0,0,3,1,1.0,1,21651.0
38.0,1,3,9.0,3,2,4,4.0,1,3.0,1,6.0,1,3,0,3.0,2,28280.0
39.0,1,3,8.0,2,2,2,1.0,3,3.0,3,1.0,0,2,1,1.0,3,22880.0
34.0,1,3,15.0,2,1,3,3.0,1,3.0,1,2.0,0,1,0,0.0,2,20714.0
37.0,1,1,7.0,2,1,3,4.0,1,4.0,0,2.0,0,5,0,1.0,2,23906.0
51.0,1,1,12.0,2,2,2,3.0,2,3.0,2,1.0,0,5,1,0.0,4,34537.0
35.0,1,1,12.0,2,2,2,5.0,1,3.0,3,2.0,0,5,1,0.0,2,21646.0
37.0,1,1,10.0,2,1,3,4.0,0,3.0,1,7.0,0,1,0,2.0,1,21513.0
47.0,1,1,8.0,2,1,2,3.0,4,3.0,1,2.0,1,4,1,0.0,0,31752.0
29.0,1,1,14.0,3,2,3,4.0,1,3.0,0,2.0,1,3,0,0.0,2,20056.0
56.0,1,1,6.0,2,1,2,3.0,0,5.0,0,3.0,0,5,1,1.0,1,17066.0
40.0,0,1,32.0,3,1,2,3.0,1,4.0,1,2.0,0,2,1,0.0,2,20605.0
42.0,0,1,9.0,2,0,4,5.0,1,3.0,3,4.0,1,1,0,1.0,2,25489.0
45.0,1,3,19.0,3,2,2,1.0,4,3.0,2,7.0,1,3,1,0.0,0,33824.0
45.0,0,1,8.0,3,2,3,4.0,4,3.0,0,1.0,0,4,1,0.0,0,31792.0
41.0,1,3,8.0,2,2,2,3.0,4,4.0,2,2.0,0,3,1,1.0,0,31015.0
51.0,1,3,32.0,3,1,3,3.0,4,3.0,0,3.0,0,3,0,1.0,0,31307.0
32.0,1,1,7.0,2,2,4,5.0,0,5.0,1,3.0,0,4,1,2.0,1,20896.0
28.0,1,3,15.0,2,2,3,3.0,1,3.0,2,2.0,0,3,1,0.0,2,20253.0
32.0,1,1,12.0,1,2,3,4.0,0,3.0,0,2.0,1,4,0,2.0,1,23499.0
43.0,1,1,10.0,2,1,4,2.0,1,3.0,0,4.0,1,5,0,1.0,2,23909.0
38.0,1,1,9.0,0,2,4,5.0,0,3.0,2,8.0,1,3,0,1.0,1,20768.0
46.0,0,3,11.0,3,2,3,3.0,1,3.0,2,5.0,1,5,1,1.0,2,20772.0
44.0,1,3,32.0,3,2,4,5.0,3,3.0,1,7.0,0,4,1,2.0,3,29476.0
41.0,1,3,29.0,3,2,4,5.0,1,3.0,0,4.0,1,3,1,2.0,2,25058.0
40.0,1,1,21.0,2,1,3,4.0,3,3.0,1,2.0,0,1,1,1.0,3,25435.0
42.0,0,3,32.0,3,1,3,3.0,4,4.0,0,6.0,0,3,1,2.0,0,28525.0
40.0,1,2,10.0,2,1,3,2.0,1,4.0,1,2.0,0,1,0,1.0,2,25067.0
27.0,1,1,23.0,2,1,2,3.0,0,3.0,2,2.0,1,5,1,0.0,1,17394.0
48.0,1,3,8.0,3,2,2,4.0,1,4.0,3,1.0,1,1,1,0.0,2,22898.0
39.0,1,1,16.0,3,2,3,3.0,1,5.0,1,3.0,0,5,1,2.0,2,20377.0
36.0,1,1,29.0,2,2,3,6.0,0,3.0,3,2.0,0,4,1,2.0,1,22908.0
51.0,1,3,10.0,3,2,3,5.0,0,3.0,0,3.0,1,4,0,1.0,1,21361.0
48.0,0,3,10.0,3,1,3,4.0,4,3.0,1,2.0,1,5,1,2.0,0,32448.0
35.0,1,3,23.0,2,2,3,3.0,1,5.0,0,4.0,1,3,1,1.0,2,23966.0
31.0,1,1,27.0,2,2,3,4.0,1,5.0,0,2.0,0,4,1,1.0,2,28635.0
26.0,0,1,11.0,3,1,2,4.0,0,3.0,1,2.0,1,1,0,1.0,1,17366.0
54.0,1,1,25.0,3,1,3,3.0,1,5.0,1,1.0,1,3,0,0.0,2,20485.0
39.0,1,1,9.0,3,2,4,4.0,0,3.0,0,8.0,1,4,0,1.0,1,21735.0
44.0,1,1,16.0,2,2,2,3.0,1,3.0,1,3.0,1,3,0,1.0,2,21465.0
48.0,0,1,10.0,3,2,2,4.0,4,3.0,1,3.0,0,5,1,1.0,0,30202.0
43.0,1,1,13.0,2,1,2,3.0,3,5.0,1,1.0,0,5,1,0.0,3,24985.0
34.0,1,3,8.0,2,2,2,3.0,1,3.0,2,2.0,0,5,0,0.0,2,21274.0
27.0,1,3,36.0,3,2,3,4.0,1,3.0,1,7.0,0,5,0,1.0,2,22984.0
32.0,0,3,27.0,3,1,3,4.0,1,3.0,0,3.0,0,2,1,1.0,2,25610.0
31.0,1,3,36.0,1,2,3,4.0,3,4.0,1,5.0,0,4,0,2.0,3,27928.0
36.0,1,1,11.0,2,2,3,3.0,1,4.0,2,1.0,0,2,0,2.0,2,20914.0
55.0,1,3,10.0,3,1,3,4.0,1,5.0,0,4.0,0,4,1,2.0,2,24618.0
51.0,1,1,8.0,3,2,2,5.0,1,4.0,1,6.0,0,1,0,1.0,2,20482.0
41.0,1,1,21.0,3,2,3,5.0,2,3.0,2,3.0,0,3,1,2.0,4,38304.0
59.0,1,3,31.0,2,1,2,3.0,3,5.0,3,1.0,0,3,1,0.0,3,22637.0
24.0,0,1,15.0,3,2,2,3.0,0,5.0,2,3.0,1,3,0,1.0,1,18172.0
46.0,1,3,8.0,3,1,3,3.0,4,5.0,1,1.0,0,1,1,1.0,0,32048.0
51.0,1,3,27.0,3,2,3,3.0,1,3.0,2,1.0,1,5,1,1.0,2,20441.0
47.0,0,1,6.0,3,1,3,3.0,3,4.0,1,1.0,0,5,0,0.0,3,26957.0
44.0,1,3,16.0,3,0,3,6.0,1,3.0,3,2.0,0,2,1,2.0,2,24024.0
36.0,1,1,16.0,2,1,4,5.0,3,3.0,1,3.0,1,4,1,3.0,3,29363.0
41.0,1,1,9.0,2,2,4,4.0,1,3.0,3,3.0,0,3,1,3.0,2,23339.0
56.0,1,1,13.0,1,2,3,3.0,0,3.0,1,1.0,0,4,1,2.0,1,17339.0
38.0,0,1,12.0,1,2,3,2.0,0,3.0,3,2.0,0,5,1,1.0,1,22178.0
35.0,1,3,16.0,3,2,2,4.0,3,5.0,1,1.0,0,5,1,1.0,3,25306.0
29.0,1,1,9.0,3,2,3,4.0,3,3.0,1,2.0,0,1,0,2.0,3,26935.0
44.0,1,1,14.0,2,1,3,4.0,3,5.0,1,2.0,0,5,1,1.0,3,28663.0
44.0,0,1,16.0,3,2,4,4.0,1,3.0,1,5.0,1,3,1,1.0,2,24357.0
38.0,0,1,29.0,2,2,2,4.0,3,3.0,3,1.0,0,3,1,0.0,3,24526.0
25.0,1,1,24.0,3,1,3,5.0,1,3.0,1,3.0,0,3,0,1.0,2,23055.0
42.0,0,1,27.0,3,1,2,3.0,1,3.0,1,3.0,0,2,0,0.0,2,20265.0
39.0,1,3,10.0,2,1,2,4.0,1,3.0,1,5.0,0,5,1,1.0,2,20902.0
26.0,1,1,7.0,1,2,3,4.0,0,3.0,0,6.0,0,5,1,2.0,1,21907.0
30.0,0,3,18.0,2,2,3,4.0,0,5.0,1,2.0,0,5,1,2.0,1,17033.0
36.0,1,1,14.0,1,1,2,3.0,3,3.0,1,2.0,0,4,1,1.0,3,25096.0
35.0,1,1,28.0,2,1,3,1.0,3,4.0,1,1.0,0,5,1,2.0,3,26996.0
28.0,1,1,15.0,3,2,3,3.0,0,3.0,0,2.0,0,2,1,1.0,1,17070.0
26.0,1,3,12.0,3,2,3,5.0,1,3.0,3,3.0,1,3,1,1.0,2,24422.0
30.0,1,1,15.0,3,2,2,4.0,0,3.0,2,2.0,0,4,1,1.0,1,17206.0
36.0,1,3,9.0,2,2,2,4.0,3,3.0,1,2.0,1,1,1,0.0,3,25325.0
30.0,0,1,31.0,2,2,4,5.0,0,3.0,2,3.0,1,3,1,3.0,1,21117.0
50.0,1,3,5.0,3,2,2,3.0,2,3.0,1,5.0,1,5,0,1.0,4,34331.0
29.0,1,3,8.0,3,2,3,4.0,1,4.0,0,3.0,0,4,0,1.0,2,21644.0
44.0,1,3,16.0,3,0,3,6.0,1,3.0,3,2.0,0,1,0,1.0,2,24024.0
32.0,0,1,10.0,3,2,4,4.0,3,3.0,1,2.0,0,4,1,3.0,3,32353.0
24.0,1,1,27.0,1,2,2,4.0,0,5.0,1,1.0,0,3,0,0.0,1,17296.0
27.0,0,1,18.0,3,2,3,4.0,1,5.0,0,3.0,1,3,1,2.0,2,23419.0
40.0,1,1,14.0,3,2,3,4.0,0,3.0,3,2.0,1,4,1,2.0,1,24094.0
23.0,0,1,23.0,3,2,4,2.0,0,3.0,1,3.0,1,3,0,3.0,1,21613.0
43.0,0,1,27.0,3,2,3,3.0,0,3.0,0,1.0,0,4,0,2.0,1,17258.0
33.0,0,1,13.0,2,2,2,3.0,1,3.0,1,2.0,0,5,1,1.0,2,20968.0
50.0,1,1,15.0,2,2,3,3.0,0,3.0,1,5.0,0,5,1,2.0,1,17380.0
28.0,0,1,10.0,3,2,4,5.0,0,3.0,1,3.0,1,1,0,3.0,1,21244.0
53.0,1,3,6.0,3,1,2,3.0,1,5.0,3,1.0,0,1,1,1.0,2,23381.0
50.0,0,3,6.0,2,1,3,3.0,1,3.0,0,1.0,0,2,1,1.0,2,21347.0
35.0,1,1,24.0,2,1,3,4.0,0,3.0,3,3.0,1,5,1,1.0,1,23216.0
34.0,0,3,7.0,2,1,3,2.0,1,5.0,1,4.0,0,3,0,2.0,2,24054.0
46.0,1,3,6.0,3,1,3,3.0,3,5.0,1,2.0,0,2,1,1.0,3,25453.0
52.0,1,1,17.0,2,1,2,3.0,1,3.0,1,1.0,0,1,1,0.0,2,18149.0
47.0,1,3,9.0,1,1,4,6.0,4,4.0,1,5.0,1,5,1,1.0,0,35550.0
44.0,1,1,15.0,2,2,3,3.0,0,5.0,1,2.0,1,3,1,0.0,1,17559.0
33.0,1,1,32.0,2,2,3,4.0,0,3.0,3,3.0,1,5,0,1.0,1,21473.0
25.0,1,3,34.0,2,2,2,4.0,1,3.0,1,3.0,0,4,1,1.0,2,23639.0
44.0,1,3,9.0,3,2,4,4.0,1,3.0,1,3.0,1,3,0,1.0,2,26525.0
33.0,0,1,6.0,2,0,3,3.0,3,3.0,3,2.0,1,2,1,0.0,3,28458.0
37.0,1,1,17.0,1,1,4,4.0,3,3.0,0,5.0,0,3,0,3.0,3,25772.0
30.0,1,1,13.0,3,2,2,4.0,0,4.0,1,2.0,0,5,0,0.0,1,17141.0
42.0,1,3,13.0,3,2,3,4.0,3,3.0,3,3.0,0,5,1,1.0,3,27919.0
30.0,0,1,9.0,3,1,3,3.0,0,3.0,1,2.0,0,3,1,1.0,1,17083.0
37.0,0,1,10.0,1,2,3,4.0,0,4.0,1,3.0,0,3,0,2.0,1,22370.0
32.0,1,1,16.0,2,2,3,5.0,0,4.0,3,2.0,1,3,1,1.0,1,21335.0
31.0,0,1,26.0,2,2,3,3.0,3,3.0,0,4.0,0,3,1,0.0,3,24824.0
50.0,0,1,15.0,2,2,4,5.0,1,4.0,1,3.0,0,1,0,1.0,2,23808.0
34.0,1,1,9.0,3,2,4,4.0,0,3.0,2,6.0,0,3,0,3.0,1,21174.0
39.0,0,1,19.0,2,2,2,5.0,1,5.0,1,4.0,0,5,1,1.0,2,24966.0
34.0,1,3,10.0,2,2,3,3.0,3,3.0,1,3.0,1,4,0,2.0,3,24713.0
48.0,0,3,11.0,3,2,4,4.0,1,3.0,3,5.0,0,4,0,3.0,2,21654.0
33.0,0,3,14.0,2,1,2,4.0,0,3.0,2,1.0,0,2,1,1.0,1,17342.0
43.0,0,1,28.0,3,1,3,4.0,1,3.0,1,4.0,0,1,0,1.0,2,23943.0
46.0,1,3,27.0,2,1,3,4.0,1,3.0,3,2.0,0,1,1,1.0,2,23528.0
37.0,1,1,23.0,2,1,3,2.0,0,5.0,3,3.0,0,1,1,1.0,1,21421.0
31.0,0,3,26.0,3,1,2,3.0,1,3.0,0,2.0,0,2,1,0.0,2,21932.0
23.0,1,1,18.0,3,1,3,4.0,0,4.0,1,3.0,0,1,1,2.0,1,20922.0
39.0,1,1,11.0,3,1,3,4.0,0,3.0,1,2.0,0,5,0,1.0,1,21984.0
41.0,1,1,13.0,2,1,4,4.0,4,3.0,2,2.0,0,5,1,1.0,0,31915.0
42.0,1,3,20.0,3,1,3,4.0,1,3.0,2,1.0,0,3,0,0.0,2,21244.0
33.0,0,1,11.0,2,1,3,3.0,3,4.0,0,7.0,0,3,1,2.0,3,26878.0
33.0,1,3,13.0,3,2,3,4.0,1,3.0,3,3.0,0,5,1,2.0,2,23688.0
37.0,1,1,10.0,1,2,2,4.0,1,4.0,3,6.0,0,2,1,1.0,2,23163.0
43.0,0,3,21.0,2,2,2,4.0,1,3.0,1,4.0,0,5,1,0.0,2,21804.0
36.0,1,3,19.0,3,2,3,4.0,1,5.0,1,6.0,1,1,1,0.0,2,21134.0
37.0,0,1,25.0,2,2,3,2.0,0,3.0,1,6.0,0,5,1,2.0,1,22366.0
49.0,1,1,10.0,3,2,2,4.0,2,3.0,1,3.0,0,3,0,1.0,4,33711.0
45.0,1,1,26.0,3,2,3,5.0,3,5.0,1,3.0,1,3,0,0.0,3,25851.0
29.0,1,1,9.0,3,2,3,4.0,0,3.0,3,8.0,0,3,1,2.0,1,23060.0
41.0,0,1,33.0,3,1,4,5.0,1,3.0,0,5.0,1,2,1,1.0,2,23100.0
40.0,1,1,31.0,2,2,3,4.0,1,3.0,3,2.0,0,4,1,1.0,2,22786.0
42.0,1,1,13.0,3,1,3,1.0,1,4.0,0,7.0,1,1,0,0.0,2,17372.0
33.0,1,1,10.0,2,1,3,4.0,3,3.0,2,5.0,0,2,1,2.0,3,29837.0
39.0,1,1,30.0,2,2,3,4.0,1,3.0,1,2.0,0,3,0,2.0,2,24423.0
36.0,0,3,6.0,3,1,2,3.0,1,3.0,3,5.0,0,2,1,1.0,2,21653.0
32.0,1,3,14.0,2,2,3,5.0,0,3.0,0,5.0,0,4,1,2.0,1,21007.0
20.0,1,1,17.0,3,1,3,4.0,0,5.0,2,2.0,1,3,1,2.0,1,17600.0
41.0,1,1,20.0,2,2,2,3.0,0,3.0,1,5.0,0,4,1,1.0,1,17451.0
55.0,1,1,8.0,1,2,3,4.0,0,3.0,1,1.0,0,5,0,0.0,1,17662.0
25.0,1,1,7.0,3,2,4,4.0,0,3.0,0,4.0,1,3,1,3.0,1,20971.0
32.0,1,3,15.0,2,2,3,4.0,3,3.0,1,3.0,0,3,1,1.0,3,29471.0
36.0,1,3,11.0,1,2,3,4.0,3,5.0,3,2.0,1,4,1,2.0,3,28260.0
30.0,1,1,34.0,3,1,3,3.0,1,3.0,0,2.0,0,3,0,2.0,2,20775.0
36.0,0,1,30.0,2,1,2,3.0,1,4.0,1,1.0,0,3,1,1.0,2,20674.0
19.0,0,3,12.0,3,2,4,4.0,0,4.0,2,3.0,1,4,1,3.0,1,20556.0
38.0,1,1,12.0,3,2,4,4.0,1,3.0,1,2.0,0,3,1,3.0,2,25025.0
36.0,1,1,7.0,3,2,3,5.0,0,3.0,1,8.0,0,1,1,2.0,1,20936.0
33.0,1,3,14.0,2,2,2,3.0,1,5.0,1,3.0,0,5,1,0.0,2,21392.0
35.0,0,1,6.0,3,2,3,3.0,0,5.0,0,5.0,0,2,0,1.0,1,17194.0
32.0,1,3,13.0,3,2,4,2.0,1,3.0,1,6.0,0,5,1,2.0,2,24138.0
28.0,1,3,11.0,3,2,3,3.0,1,3.0,2,2.0,0,3,1,0.0,2,19908.0
29.0,1,1,9.0,2,2,4,4.0,0,3.0,3,4.0,0,4,0,2.0,1,22163.0
33.0,1,3,17.0,3,2,3,4.0,1,3.0,3,3.0,0,4,1,2.0,2,24074.0
49.0,1,1,7.0,2,1,3,5.0,4,5.0,1,2.0,0,4,0,1.0,0,34080.0
36.0,1,3,9.0,3,0,2,3.0,1,4.0,3,4.0,1,4,0,1.0,2,24278.0
48.0,1,1,9.0,3,1,4,4.0,1,3.0,1,7.0,0,2,0,2.0,2,23748.0
38.0,0,1,8.0,2,1,3,1.0,1,5.0,2,7.0,1,2,1,2.0,2,20980.0
48.0,1,3,22.0,2,1,3,3.0,1,3.0,1,1.0,0,4,1,0.0,2,21439.0
31.0,0,3,6.0,2,1,2,3.0,0,4.0,2,2.0,1,5,1,1.0,1,17302.0
26.0,1,1,14.0,3,2,4,5.0,0,3.0,0,3.0,0,2,1,3.0,1,21567.0
36.0,0,1,9.0,3,2,3,4.0,1,3.0,1,4.0,0,3,0,2.0,2,24440.0
43.0,0,1,15.0,3,2,3,3.0,1,3.0,1,4.0,1,3,1,0.0,2,20679.0
39.0,0,1,9.0,2,0,4,2.0,1,5.0,3,8.0,1,2,1,3.0,2,24658.0
35.0,1,1,12.0,2,2,2,5.0,1,3.0,3,2.0,0,5,0,1.0,2,21646.0
51.0,1,1,14.0,2,2,2,4.0,3,4.0,0,6.0,0,3,1,1.0,3,27490.0
45.0,1,1,15.0,2,2,2,3.0,1,4.0,1,1.0,0,4,1,0.0,2,17348.0
44.0,1,1,19.0,2,2,3,5.0,4,4.0,1,3.0,0,3,0,2.0,0,33014.0
41.0,1,1,15.0,3,2,4,5.0,0,3.0,3,3.0,1,4,1,3.0,1,27772.0
38.0,0,1,17.0,3,2,4,4.0,3,3.0,1,8.0,0,3,0,3.0,3,28726.0
51.0,1,1,35.0,3,2,4,2.0,0,3.0,1,3.0,1,1,0,2.0,1,21899.0
23.0,1,1,10.0,2,1,3,4.0,1,3.0,1,2.0,1,5,1,2.0,2,22849.0
50.0,0,1,8.0,2,2,3,3.0,4,5.0,1,2.0,0,5,1,1.0,0,32924.0
59.0,1,2,12.0,3,2,2,3.0,0,3.0,0,1.0,0,4,1,0.0,1,17267.0
34.0,1,2,9.0,2,2,3,4.0,0,3.0,0,3.0,0,2,0,1.0,1,22278.0
28.0,1,1,30.0,2,2,2,4.0,0,3.0,2,6.0,1,2,0,0.0,1,17028.0
52.0,1,1,9.0,3,2,3,6.0,1,4.0,1,7.0,0,1,0,2.0,2,24160.0
51.0,1,3,10.0,3,2,3,5.0,0,3.0,1,3.0,1,4,1,2.0,1,21361.0
31.0,1,1,6.0,2,2,3,4.0,0,5.0,0,2.0,0,4,0,0.0,1,17218.0
28.0,1,1,30.0,3,2,2,3.0,0,4.0,1,2.0,1,1,0,0.0,1,17408.0
41.0,1,1,22.0,2,1,4,5.0,3,3.0,1,3.0,0,1,1,2.0,3,29113.0
48.0,1,1,9.0,3,1,4,4.0,1,3.0,1,7.0,0,1,0,1.0,2,23748.0
27.0,0,3,14.0,2,2,2,3.0,3,3.0,3,2.0,0,1,1,0.0,3,23726.0
33.0,1,1,21.0,3,2,2,3.0,3,3.0,0,1.0,1,5,0,0.0,3,28610.0
28.0,1,1,26.0,2,2,4,5.0,0,5.0,1,3.0,0,1,0,1.0,1,22744.0
33.0,1,1,8.0,3,2,3,3.0,0,3.0,2,5.0,0,3,0,2.0,1,17496.0
36.0,1,2,14.0,2,2,3,4.0,0,5.0,0,1.0,0,2,1,2.0,1,17342.0
32.0,1,1,31.0,3,0,4,5.0,1,5.0,3,3.0,0,5,1,1.0,2,25490.0
30.0,0,3,9.0,2,2,4,4.0,1,3.0,1,3.0,0,1,1,2.0,2,23327.0
29.0,1,1,16.0,2,1,3,4.0,0,5.0,2,7.0,1,5,1,0.0,1,17404.0
35.0,1,1,13.0,3,2,3,4.0,0,5.0,3,4.0,0,2,1,2.0,1,21638.0
31.0,1,3,13.0,3,2,3,3.0,1,3.0,1,5.0,0,1,0,0.0,2,22547.0
26.0,1,3,15.0,2,1,3,4.0,1,3.0,1,2.0,1,1,1,2.0,2,23585.0
29.0,1,1,7.0,2,2,3,4.0,0,3.0,1,3.0,0,1,0,1.0,1,20722.0
35.0,1,3,35.0,3,1,4,5.0,1,3.0,1,3.0,0,5,1,1.0,2,25390.0
47.0,1,1,25.0,3,1,3,4.0,1,3.0,1,4.0,0,5,0,1.0,2,23488.0
19.0,0,1,15.0,3,2,4,4.0,0,3.0,2,3.0,0,5,0,1.0,1,20582.0
41.0,1,1,9.0,3,1,3,5.0,0,3.0,2,2.0,1,3,0,1.0,1,21020.0
60.0,1,1,9.0,2,1,4,5.0,4,3.0,2,5.0,1,5,0,3.0,0,32404.0
46.0,1,3,15.0,3,2,3,4.0,3,3.0,3,2.0,0,5,1,2.0,3,24619.0
29.0,1,1,14.0,2,2,4,4.0,0,5.0,3,5.0,1,3,0,3.0,1,25352.0
37.0,1,1,16.0,3,2,3,5.0,1,4.0,1,4.0,1,4,1,1.0,2,27525.0
44.0,0,1,6.0,3,2,2,3.0,0,4.0,1,2.0,1,3,1,1.0,1,17342.0
34.0,0,3,7.0,2,1,3,3.0,1,5.0,0,4.0,0,3,1,1.0,2,24054.0
50.0,1,1,10.0,2,2,3,3.0,2,4.0,1,4.0,0,5,1,0.0,4,34144.0
23.0,1,1,12.0,2,2,3,1.0,0,5.0,1,2.0,1,3,0,0.0,1,16601.0
57.0,1,1,21.0,2,1,4,4.0,0,4.0,1,2.0,1,5,1,1.0,1,23641.0
35.0,1,3,15.0,1,2,4,2.0,1,3.0,1,3.0,0,1,0,3.0,2,25477.0
30.0,1,1,32.0,1,1,4,5.0,0,4.0,1,7.0,0,3,1,3.0,1,21224.0
29.0,0,3,6.0,3,1,2,3.0,3,3.0,0,2.0,0,3,1,0.0,3,22918.0
39.0,0,1,9.0,2,2,3,4.0,0,3.0,0,3.0,1,5,1,2.0,1,20380.0
30.0,0,1,7.0,2,2,4,6.0,0,3.0,1,3.0,0,2,1,1.0,1,21398.0
34.0,0,1,22.0,2,1,3,4.0,0,3.0,2,2.0,0,5,1,1.0,1,17553.0
60.0,1,3,10.0,2,0,3,5.0,1,3.0,3,7.0,0,3,0,1.0,2,23849.0
28.0,1,1,9.0,2,1,3,4.0,0,5.0,1,3.0,0,3,0,2.0,1,21019.0
19.0,0,3,6.0,1,1,3,5.0,0,5.0,2,1.0,0,3,1,1.0,1,17325.0
39.0,1,3,9.0,3,1,2,3.0,1,3.0,0,5.0,1,4,1,1.0,2,20238.0
42.0,1,3,7.0,3,2,3,3.0,3,5.0,0,3.0,0,3,1,2.0,3,27070.0
52.0,1,3,28.0,3,2,4,4.0,1,3.0,3,2.0,1,5,0,3.0,2,24119.0
37.0,1,1,13.0,3,2,1,3.0,3,3.0,2,5.0,0,2,0,0.0,3,28664.0
58.0,1,3,27.0,2,1,3,3.0,4,3.0,1,5.0,1,5,1,0.0,0,32875.0
59.0,1,1,8.0,2,1,3,4.0,4,3.0,2,4.0,1,5,1,0.0,0,28726.0
35.0,1,1,14.0,2,1,3,4.0,3,4.0,2,2.0,0,5,0,1.0,3,30672.0
36.0,1,3,24.0,2,2,4,4.0,1,5.0,1,5.0,1,3,0,3.0,2,27644.0
33.0,1,2,9.0,2,2,2,3.0,0,4.0,1,4.0,1,5,0,1.0,1,17277.0
47.0,1,1,31.0,3,2,2,3.0,3,3.0,3,3.0,0,3,1,0.0,3,23633.0
24.0,1,1,17.0,3,2,4,2.0,0,3.0,3,3.0,0,1,0,2.0,1,22183.0
33.0,0,1,31.0,2,2,4,4.0,1,3.0,1,3.0,0,4,1,3.0,2,23987.0
33.0,0,3,23.0,2,2,2,3.0,4,3.0,2,2.0,0,3,1,0.0,0,32444.0
33.0,1,1,7.0,2,2,4,4.0,1,4.0,0,3.0,0,3,0,1.0,2,24898.0
35.0,1,3,10.0,2,2,3,6.0,1,5.0,3,5.0,0,5,1,2.0,2,23437.0
37.0,1,3,18.0,3,1,4,5.0,1,3.0,1,6.0,0,1,1,2.0,2,25330.0
36.0,1,2,33.0,2,0,3,4.0,3,3.0,3,3.0,1,1,1,1.0,3,27515.0
32.0,1,3,25.0,2,2,3,5.0,3,3.0,1,4.0,0,3,1,2.0,3,24610.0
35.0,1,1,11.0,1,2,3,3.0,3,4.0,3,1.0,0,3,0,0.0,3,23095.0
38.0,1,1,17.0,2,1,3,2.0,3,3.0,1,3.0,1,1,0,2.0,3,32422.0
35.0,1,1,11.0,1,2,3,3.0,3,4.0,3,1.0,0,3,1,1.0,3,23095.0
55.0,1,3,24.0,2,1,2,3.0,4,4.0,2,4.0,0,2,0,1.0,0,31835.0
29.0,1,1,31.0,3,2,3,4.0,0,4.0,1,3.0,1,1,0,1.0,1,21086.0
50.0,1,1,16.0,1,2,3,4.0,3,3.0,3,7.0,0,5,0,2.0,3,25496.0
31.0,0,1,6.0,2,1,3,1.0,3,4.0,3,2.0,0,3,1,2.0,3,22446.0
31.0,1,3,8.0,2,2,2,3.0,0,3.0,1,1.0,0,4,1,0.0,1,18067.0
46.0,0,3,33.0,3,2,3,5.0,1,5.0,1,3.0,0,3,0,1.0,2,23063.0
36.0,1,1,12.0,2,2,2,3.0,0,3.0,1,1.0,0,5,1,1.0,1,18210.0
36.0,1,1,7.0,3,2,3,5.0,0,3.0,0,8.0,0,2,1,2.0,1,20936.0
30.0,1,1,28.0,2,1,2,3.0,0,3.0,0,5.0,1,2,0,1.0,1,17132.0
35.0,0,1,9.0,2,2,2,4.0,0,3.0,0,2.0,0,2,1,1.0,1,16281.0
40.0,1,1,10.0,3,1,2,3.0,2,3.0,1,2.0,0,5,1,1.0,4,34033.0
36.0,0,1,18.0,3,2,4,5.0,3,5.0,0,4.0,1,5,1,2.0,3,28562.0
38.0,0,1,9.0,2,2,2,3.0,0,3.0,1,4.0,0,3,1,0.0,1,17821.0
28.0,1,1,24.0,1,2,3,4.0,0,4.0,0,2.0,1,4,1,1.0,1,21736.0
49.0,1,1,13.0,2,2,4,5.0,1,3.0,3,4.0,0,2,0,1.0,2,22918.0
56.0,0,3,12.0,2,1,2,1.0,4,5.0,1,1.0,0,3,1,0.0,0,28212.0
59.0,1,1,30.0,2,2,3,4.0,0,3.0,1,3.0,0,3,1,2.0,1,21050.0
35.0,1,1,22.0,3,2,2,1.0,0,4.0,1,1.0,0,4,1,1.0,1,17426.0
29.0,1,3,10.0,3,1,4,4.0,0,4.0,1,3.0,0,1,1,1.0,1,21534.0
30.0,1,1,34.0,3,1,4,4.0,1,3.0,1,6.0,0,1,0,2.0,2,23013.0
50.0,1,3,6.0,3,1,3,3.0,2,3.0,1,4.0,0,1,1,0.0,4,34517.0
30.0,1,1,9.0,1,1,2,3.0,0,5.0,2,6.0,1,4,0,0.0,1,17657.0
36.0,0,1,7.0,3,2,4,4.0,0,5.0,1,6.0,0,1,0,2.0,1,20872.0
29.0,1,1,12.0,1,2,3,4.0,0,3.0,3,3.0,1,2,1,1.0,1,22119.0
29.0,1,1,8.0,2,2,3,3.0,0,4.0,0,1.0,0,4,0,0.0,1,17703.0
54.0,1,1,8.0,1,1,2,3.0,3,3.0,0,1.0,0,4,1,0.0,3,28549.0
41.0,0,1,8.0,2,1,3,4.0,1,3.0,3,3.0,1,2,0,0.0,2,21811.0
43.0,0,1,36.0,2,1,4,4.0,1,3.0,1,4.0,0,3,1,2.0,2,23234.0
42.0,1,1,6.0,2,1,3,3.0,0,5.0,1,4.0,0,3,0,2.0,1,17576.0
33.0,1,3,11.0,2,1,3,4.0,0,4.0,0,4.0,0,3,1,1.0,1,22609.0
35.0,0,1,10.0,2,2,3,5.0,0,3.0,1,5.0,0,1,0,1.0,1,21657.0
35.0,1,1,15.0,3,0,4,4.0,1,3.0,3,5.0,0,4,1,2.0,2,24820.0
40.0,1,3,31.0,3,2,2,4.0,3,4.0,3,3.0,1,5,0,1.0,3,24094.0
29.0,1,1,24.0,3,2,2,4.0,0,3.0,2,2.0,1,3,0,0.0,1,17389.0
31.0,0,3,32.0,1,1,3,4.0,1,3.0,1,2.0,1,3,1,2.0,2,23414.0
36.0,1,1,11.0,2,1,2,3.0,3,5.0,1,5.0,0,4,1,1.0,3,23008.0
27.0,0,1,8.0,3,2,2,3.0,0,3.0,2,3.0,0,3,0,1.0,1,17580.0
27.0,0,1,7.0,2,1,3,4.0,1,4.0,1,3.0,0,5,1,2.0,2,25075.0
32.0,0,3,14.0,3,0,2,3.0,3,3.0,3,2.0,0,4,1,1.0,3,23998.0
38.0,0,2,6.0,2,2,2,3.0,0,4.0,1,1.0,1,1,1,1.0,1,17991.0
38.0,1,2,13.0,2,2,4,4.0,0,5.0,1,6.0,1,2,1,1.0,1,20751.0
48.0,1,1,26.0,3,2,2,3.0,0,3.0,1,5.0,0,1,1,0.0,1,17259.0
25.0,0,1,14.0,2,1,3,4.0,0,3.0,0,3.0,1,4,0,1.0,1,21564.0
46.0,0,1,14.0,2,2,4,4.0,3,5.0,1,3.0,0,2,1,3.0,3,23888.0
60.0,1,3,22.0,3,2,2,3.0,1,5.0,2,1.0,0,4,1,0.0,2,20405.0
31.0,0,1,9.0,3,1,3,4.0,0,3.0,2,2.0,0,4,1,1.0,1,21242.0
33.0,1,1,16.0,3,1,3,4.0,0,5.0,3,2.0,0,4,1,1.0,1,22878.0
20.0,1,3,29.0,3,2,3,4.0,0,3.0,2,3.0,1,1,1,1.0,1,20353.0
41.0,0,1,16.0,3,1,3,4.0,3,3.0,2,2.0,0,4,1,2.0,3,32177.0
29.0,1,1,13.0,3,1,3,4.0,0,3.0,1,7.0,0,5,1,1.0,1,17532.0
37.0,1,2,15.0,2,2,4,5.0,0,5.0,0,2.0,0,2,1,3.0,1,21020.0
41.0,1,3,16.0,3,2,3,4.0,1,5.0,1,2.0,0,3,1,2.0,2,24151.0
36.0,0,1,14.0,2,1,3,2.0,3,5.0,0,1.0,0,3,0,0.0,3,26713.0
31.0,1,3,12.0,3,2,3,2.0,1,3.0,1,5.0,0,5,1,2.0,2,20460.0
50.0,1,3,9.0,3,2,2,4.0,0,3.0,0,2.0,1,4,0,0.0,1,17683.0
36.0,1,3,23.0,3,2,2,4.0,1,4.0,1,3.0,0,4,1,0.0,2,20507.0
39.0,0,1,8.0,1,0,3,3.0,3,3.0,3,1.0,0,2,1,1.0,3,25938.0
30.0,1,1,15.0,3,2,2,4.0,0,3.0,2,2.0,0,4,0,1.0,1,17206.0
28.0,1,1,13.0,2,2,3,5.0,0,3.0,1,3.0,0,1,1,2.0,1,21217.0
42.0,1,3,13.0,2,1,4,4.0,3,3.0,2,5.0,1,2,0,2.0,3,32269.0
39.0,1,1,12.0,2,1,2,3.0,3,4.0,3,5.0,0,3,0,1.0,3,23376.0
44.0,0,1,29.0,3,2,3,3.0,1,4.0,1,5.0,0,3,0,1.0,2,17042.0
32.0,1,3,20.0,3,2,3,4.0,1,5.0,1,4.0,0,2,0,1.0,2,22911.0
42.0,0,3,17.0,3,2,3,6.0,1,4.0,3,3.0,0,1,1,1.0,2,24829.0
35.0,1,1,6.0,2,1,2,1.0,0,3.0,2,4.0,0,3,0,0.0,1,17506.0
30.0,0,1,9.0,3,2,3,5.0,0,5.0,3,2.0,0,4,1,2.0,1,22017.0
30.0,1,3,16.0,3,2,3,4.0,1,3.0,0,2.0,0,2,1,0.0,2,21578.0
56.0,1,1,15.0,3,2,2,3.0,4,3.0,0,1.0,0,4,0,0.0,0,26103.0
28.0,1,1,12.0,2,1,3,4.0,0,4.0,2,3.0,1,3,0,2.0,1,21156.0
50.0,1,3,18.0,3,1,3,4.0,3,3.0,1,3.0,0,4,0,1.0,3,26332.0
28.0,1,3,11.0,3,2,2,3.0,1,5.0,3,1.0,0,1,1,0.0,2,23463.0
33.0,1,1,8.0,2,1,2,3.0,0,5.0,0,1.0,0,3,1,0.0,1,17707.0
36.0,0,3,14.0,1,2,2,3.0,1,3.0,1,5.0,0,3,1,0.0,2,20079.0
59.0,1,2,12.0,3,2,2,3.0,0,3.0,1,1.0,0,4,0,0.0,1,17267.0
44.0,0,1,16.0,2,2,3,4.0,0,3.0,2,6.0,0,3,0,2.0,1,21116.0
30.0,1,1,30.0,2,2,3,3.0,0,3.0,1,2.0,0,2,0,1.0,1,17693.0
43.0,0,3,21.0,2,2,2,4.0,1,3.0,0,4.0,0,5,0,1.0,2,21804.0
42.0,1,1,8.0,2,2,3,4.0,1,3.0,3,4.0,0,2,0,1.0,2,21781.0
39.0,1,3,27.0,2,2,2,4.0,1,3.0,0,4.0,1,1,0,1.0,2,21120.0
30.0,1,1,10.0,3,2,3,4.0,0,5.0,3,3.0,1,3,0,2.0,1,23401.0
38.0,1,1,7.0,1,0,3,4.0,3,3.0,3,6.0,0,5,1,1.0,3,26169.0
30.0,1,1,15.0,2,2,4,6.0,0,5.0,1,3.0,1,3,0,2.0,1,20797.0
61.0,0,3,35.0,3,1,4,5.0,3,5.0,1,6.0,0,1,1,1.0,3,28944.0
30.0,1,1,34.0,3,1,3,3.0,1,3.0,1,2.0,0,3,1,2.0,2,20775.0
39.0,1,3,7.0,2,0,3,5.0,1,3.0,3,6.0,0,1,0,2.0,2,27364.0
46.0,1,1,8.0,1,2,2,3.0,1,3.0,1,3.0,0,1,0,0.0,2,22379.0
20.0,1,3,27.0,3,2,2,1.0,0,3.0,2,2.0,0,3,0,0.0,1,17678.0
34.0,1,1,20.0,2,1,3,4.0,0,3.0,3,5.0,0,3,1,1.0,1,22130.0
31.0,1,1,23.0,2,2,3,2.0,1,3.0,1,5.0,0,1,1,1.0,2,23972.0
39.0,1,1,6.0,3,1,3,3.0,0,3.0,1,1.0,0,3,0,1.0,1,17232.0
38.0,1,1,8.0,3,2,3,3.0,0,3.0,0,7.0,1,4,0,0.0,1,18057.0
29.0,1,1,34.0,2,1,3,3.0,0,3.0,1,5.0,0,5,1,0.0,1,17514.0
37.0,1,1,25.0,2,2,3,3.0,0,4.0,1,5.0,0,4,0,1.0,1,18022.0
43.0,1,1,8.0,3,1,3,2.0,0,3.0,1,2.0,0,2,0,1.0,1,17645.0
42.0,1,1,15.0,3,1,4,4.0,0,5.0,1,3.0,1,3,0,3.0,1,22781.0
22.0,0,1,32.0,2,1,2,4.0,0,3.0,1,2.0,1,3,0,0.0,1,17814.0
36.0,1,1,12.0,2,2,2,5.0,0,3.0,1,2.0,0,1,1,0.0,1,17741.0
43.0,1,1,25.0,2,2,3,4.0,1,5.0,1,8.0,1,1,0,1.0,2,24088.0
40.0,1,1,6.0,2,2,2,3.0,0,3.0,1,1.0,0,1,0,0.0,1,17406.0
34.0,1,3,16.0,3,0,4,4.0,1,5.0,3,2.0,1,3,0,2.0,2,26902.0
47.0,0,3,33.0,2,2,4,5.0,1,4.0,3,2.0,0,4,1,3.0,2,26669.0
48.0,1,1,21.0,2,1,3,3.0,0,5.0,1,1.0,0,1,1,0.0,1,17367.0
18.0,1,3,15.0,3,2,2,3.0,0,3.0,2,2.0,0,5,0,1.0,1,16611.0
38.0,0,3,26.0,3,2,3,4.0,3,4.0,3,3.0,1,5,0,1.0,3,26320.0
31.0,1,1,9.0,3,0,3,5.0,1,3.0,3,7.0,1,2,1,2.0,2,25555.0
46.0,1,1,27.0,3,2,4,4.0,4,3.0,0,2.0,1,3,0,1.0,0,32174.0
36.0,1,1,30.0,3,2,4,6.0,0,3.0,1,2.0,0,1,1,1.0,1,21383.0
21.0,1,1,9.0,3,2,3,4.0,0,3.0,2,2.0,0,5,1,1.0,1,18230.0
44.0,1,1,21.0,3,1,3,3.0,3,3.0,0,2.0,0,3,0,1.0,3,22978.0
48.0,1,1,10.0,2,2,2,3.0,3,3.0,3,2.0,0,5,1,1.0,3,22898.0
33.0,0,1,6.0,2,1,2,1.0,1,4.0,0,2.0,1,3,0,1.0,2,20488.0
28.0,0,1,6.0,3,2,2,4.0,0,4.0,1,2.0,0,4,1,0.0,1,17596.0
37.0,1,1,10.0,1,2,2,4.0,1,4.0,3,6.0,0,1,1,1.0,2,23163.0
37.0,1,3,22.0,3,2,3,4.0,1,3.0,1,5.0,0,5,1,0.0,2,21334.0
45.0,0,1,13.0,2,2,3,1.0,1,3.0,1,5.0,0,1,1,0.0,2,21434.0
46.0,1,3,9.0,3,2,2,3.0,4,3.0,1,4.0,0,1,1,0.0,0,32465.0
47.0,0,1,25.0,3,1,3,4.0,3,3.0,0,7.0,0,3,1,1.0,3,29205.0
32.0,1,1,6.0,2,2,3,3.0,0,5.0,2,2.0,0,2,0,2.0,1,17956.0
39.0,1,1,16.0,3,2,2,3.0,4,5.0,0,2.0,1,3,1,1.0,0,32068.0
21.0,0,3,15.0,3,2,2,3.0,0,3.0,2,2.0,0,4,0,0.0,1,17610.0
38.0,1,1,32.0,3,1,3,5.0,1,3.0,1,2.0,0,3,1,1.0,2,24409.0
45.0,0,1,6.0,3,2,2,3.0,1,3.0,2,5.0,0,1,1,1.0,2,20399.0
45.0,1,1,35.0,1,2,2,3.0,3,3.0,0,5.0,1,5,1,0.0,3,24380.0
22.0,1,1,10.0,3,2,4,5.0,0,3.0,3,3.0,0,5,1,3.0,1,21908.0
32.0,1,1,11.0,2,2,3,1.0,0,4.0,1,1.0,1,1,1,2.0,1,18298.0
37.0,1,1,9.0,2,1,4,4.0,1,4.0,1,6.0,1,4,0,1.0,2,25640.0
40.0,1,1,8.0,3,1,2,4.0,0,3.0,2,1.0,1,3,0,0.0,1,17342.0
31.0,0,1,12.0,3,1,3,4.0,0,4.0,2,2.0,0,3,0,1.0,1,21100.0
52.0,0,1,7.0,3,0,2,5.0,3,5.0,3,5.0,0,2,1,1.0,3,26162.0
38.0,1,1,13.0,3,2,3,2.0,1,5.0,1,6.0,1,3,1,2.0,2,24652.0
21.0,0,3,16.0,3,1,3,4.0,0,3.0,2,3.0,1,4,1,1.0,1,21001.0
41.0,1,1,14.0,2,2,4,4.0,0,5.0,2,5.0,1,3,0,2.0,1,20844.0
37.0,1,3,23.0,3,1,4,5.0,1,5.0,0,6.0,0,5,1,1.0,2,24325.0
47.0,1,3,8.0,2,1,2,1.0,4,4.0,1,7.0,0,1,0,0.0,0,30972.0
36.0,0,1,7.0,3,2,4,4.0,0,5.0,0,6.0,0,2,0,2.0,1,20872.0
35.0,1,1,29.0,3,2,3,5.0,0,3.0,1,1.0,0,1,1,0.0,1,17705.0
22.0,1,1,25.0,3,2,3,3.0,0,3.0,1,2.0,0,1,1,0.0,1,17323.0
26.0,1,3,35.0,2,2,3,5.0,1,3.0,1,4.0,0,4,1,2.0,2,27317.0
26.0,1,3,15.0,2,2,3,2.0,1,4.0,1,2.0,0,4,1,1.0,2,23529.0
29.0,0,1,16.0,2,1,3,3.0,0,4.0,1,1.0,0,5,1,0.0,1,18291.0
31.0,1,2,8.0,2,2,3,4.0,1,5.0,1,4.0,0,3,0,2.0,2,21410.0
39.0,1,3,12.0,3,2,2,1.0,3,3.0,1,3.0,0,4,1,1.0,3,23237.0
46.0,1,1,36.0,3,2,3,4.0,0,3.0,3,7.0,0,1,1,1.0,1,22130.0
29.0,1,1,9.0,3,2,3,6.0,0,3.0,1,7.0,1,3,1,2.0,1,22142.0
36.0,1,1,15.0,3,2,2,4.0,1,4.0,1,3.0,1,4,1,0.0,2,23847.0
30.0,1,3,21.0,3,2,3,4.0,3,5.0,1,3.0,0,1,0,2.0,3,22140.0
34.0,1,3,23.0,3,0,4,4.0,1,5.0,3,7.0,0,3,1,1.0,2,24002.0
41.0,0,3,31.0,2,1,4,2.0,4,4.0,2,6.0,1,3,1,1.0,0,31872.0
27.0,1,1,12.0,3,1,3,4.0,0,3.0,1,1.0,0,1,0,1.0,1,17187.0
36.0,1,1,11.0,2,2,4,4.0,0,3.0,1,3.0,0,4,1,2.0,1,20629.0
46.0,1,1,6.0,3,2,3,3.0,3,5.0,1,1.0,0,1,0,2.0,3,24396.0
44.0,0,1,8.0,3,2,2,3.0,3,3.0,3,6.0,1,1,0,1.0,3,25209.0
28.0,0,1,12.0,2,2,2,4.0,0,3.0,1,2.0,1,4,1,0.0,1,17703.0
29.0,1,1,14.0,3,2,3,4.0,1,3.0,1,2.0,1,3,1,1.0,2,20056.0
18.0,0,1,6.0,2,1,3,3.0,0,3.0,2,2.0,0,5,1,1.0,1,16611.0
43.0,1,3,11.0,3,2,3,4.0,1,5.0,3,2.0,0,5,1,2.0,2,23833.0
38.0,1,3,10.0,2,2,3,4.0,3,3.0,3,4.0,0,3,0,1.0,3,26106.0
37.0,0,1,18.0,2,2,4,5.0,1,4.0,3,3.0,0,4,1,2.0,2,25177.0
44.0,0,1,11.0,2,2,2,4.0,0,3.0,2,4.0,0,1,0,1.0,1,18162.0
51.0,1,1,9.0,3,1,3,3.0,4,4.0,2,4.0,0,5,0,1.0,0,28734.0
40.0,1,3,6.0,3,2,2,5.0,1,3.0,1,3.0,1,3,1,0.0,2,22457.0
38.0,0,1,32.0,3,1,4,4.0,1,3.0,1,5.0,1,3,1,3.0,2,23127.0
42.0,1,3,14.0,3,2,2,3.0,1,4.0,1,1.0,0,3,1,0.0,2,21825.0
58.0,1,1,29.0,3,1,3,3.0,3,3.0,0,2.0,0,3,1,0.0,3,25312.0
34.0,1,1,15.0,2,2,2,3.0,3,3.0,1,1.0,0,5,1,1.0,3,23500.0
31.0,1,1,9.0,3,2,3,5.0,0,3.0,3,2.0,0,4,0,1.0,1,21398.0
37.0,0,1,15.0,3,2,2,3.0,0,3.0,0,2.0,1,2,0,0.0,1,17326.0
29.0,1,1,13.0,1,1,2,3.0,0,3.0,1,4.0,1,4,1,0.0,1,31124.0
30.0,1,3,17.0,3,2,3,4.0,0,4.0,1,3.0,0,1,1,1.0,1,20975.0
26.0,1,2,31.0,2,1,3,3.0,0,3.0,0,2.0,0,4,1,0.0,1,17942.0
59.0,1,1,30.0,3,1,4,4.0,3,3.0,1,3.0,0,3,1,1.0,3,28990.0
34.0,1,3,6.0,3,2,3,1.0,1,3.0,1,1.0,0,5,0,1.0,2,24725.0
52.0,1,1,13.0,2,2,3,4.0,2,3.0,2,2.0,0,5,1,2.0,4,38215.0
37.0,1,3,9.0,2,2,2,3.0,3,3.0,3,3.0,0,3,0,1.0,3,22428.0
38.0,1,1,6.0,2,1,2,1.0,1,3.0,3,1.0,0,1,0,0.0,2,22625.0
46.0,1,1,16.0,2,2,3,4.0,1,4.0,1,2.0,0,4,1,1.0,2,21026.0
49.0,1,3,36.0,3,1,4,4.0,3,3.0,0,5.0,0,4,0,1.0,3,31182.0
33.0,1,1,16.0,2,1,4,4.0,1,3.0,0,3.0,1,5,1,3.0,2,25000.0
51.0,0,3,19.0,3,0,4,4.0,3,3.0,3,6.0,0,5,1,3.0,3,27886.0
26.0,1,3,11.0,3,2,3,5.0,1,5.0,0,3.0,0,3,1,2.0,2,22934.0
24.0,1,3,6.0,1,1,3,3.0,0,4.0,2,2.0,1,4,1,2.0,1,18202.0
30.0,1,1,15.0,2,1,3,6.0,1,5.0,1,5.0,0,1,0,1.0,2,28393.0
44.0,1,1,34.0,2,2,2,3.0,4,5.0,0,4.0,0,1,1,0.0,0,31328.0
35.0,1,1,7.0,3,2,4,4.0,1,4.0,1,3.0,0,5,1,3.0,2,23003.0
34.0,0,3,12.0,3,1,2,5.0,0,3.0,1,1.0,0,4,0,1.0,1,17351.0
20.0,0,3,7.0,1,1,4,6.0,0,5.0,2,2.0,0,3,1,1.0,1,21003.0
29.0,0,1,31.0,1,2,4,5.0,3,5.0,3,3.0,0,1,1,2.0,3,27400.0
35.0,0,1,14.0,2,2,4,6.0,1,3.0,3,3.0,1,5,1,2.0,2,24752.0
41.0,1,1,27.0,1,2,4,4.0,3,3.0,1,6.0,0,3,1,2.0,3,29000.0
34.0,1,1,9.0,3,2,4,4.0,0,3.0,2,6.0,0,3,1,3.0,1,21174.0
53.0,1,1,6.0,2,2,3,4.0,3,4.0,2,2.0,0,3,1,2.0,3,29123.0
36.0,1,1,29.0,2,1,4,3.0,3,4.0,1,2.0,0,5,1,2.0,3,30674.0
38.0,1,1,16.0,3,1,2,5.0,3,3.0,1,4.0,0,1,1,1.0,3,28206.0
32.0,1,1,9.0,2,2,4,4.0,0,3.0,1,3.0,0,5,0,3.0,1,22155.0
29.0,0,1,6.0,2,2,3,5.0,0,3.0,1,2.0,0,1,0,2.0,1,17720.0
51.0,1,3,15.0,3,2,3,4.0,0,4.0,0,2.0,0,2,1,1.0,1,22553.0
36.0,1,1,7.0,3,2,2,5.0,0,3.0,3,3.0,0,4,1,1.0,1,21537.0
36.0,1,3,23.0,3,2,4,4.0,3,4.0,1,2.0,0,1,1,2.0,3,26698.0
50.0,1,1,13.0,3,1,2,4.0,2,3.0,1,6.0,1,4,1,1.0,4,33740.0
58.0,1,1,7.0,3,2,3,4.0,1,3.0,0,4.0,0,3,1,2.0,2,25433.0
28.0,1,1,7.0,3,2,3,4.0,0,4.0,1,3.0,0,3,0,1.0,1,22494.0
26.0,1,1,7.0,2,1,4,4.0,1,3.0,0,2.0,0,3,1,2.0,2,23576.0
36.0,1,3,9.0,2,2,2,4.0,3,3.0,0,2.0,1,2,1,0.0,3,25325.0
27.0,1,1,23.0,3,2,3,4.0,0,4.0,1,4.0,1,2,1,2.0,1,21051.0
43.0,1,1,17.0,2,2,1,3.0,3,3.0,1,2.0,0,1,1,0.0,3,22510.0
33.0,1,3,15.0,3,1,3,3.0,1,5.0,3,1.0,1,3,0,0.0,2,23224.0
31.0,1,1,29.0,2,1,3,4.0,0,3.0,0,6.0,1,2,0,2.0,1,20810.0
45.0,1,1,14.0,3,1,3,5.0,3,3.0,0,5.0,0,4,1,1.0,3,28926.0
57.0,1,1,14.0,2,2,3,6.0,3,3.0,3,6.0,0,1,0,1.0,3,25938.0
60.0,1,1,25.0,3,2,4,4.0,3,3.0,2,8.0,0,3,1,2.0,3,29190.0
33.0,1,1,7.0,3,2,3,4.0,1,3.0,0,3.0,1,4,1,1.0,2,24840.0
42.0,1,1,13.0,3,2,3,4.0,0,5.0,3,4.0,1,4,1,2.0,1,23399.0
47.0,1,3,16.0,3,2,4,5.0,3,3.0,3,3.0,0,5,1,3.0,3,28297.0
50.0,1,1,13.0,2,1,3,5.0,4,3.0,1,4.0,1,5,1,1.0,0,32644.0
57.0,1,1,30.0,2,2,2,1.0,3,3.0,1,4.0,1,4,1,0.0,3,24439.0
44.0,1,1,9.0,2,2,2,3.0,0,5.0,0,5.0,0,5,1,1.0,1,17362.0
41.0,1,1,21.0,3,2,3,5.0,2,3.0,2,3.0,0,3,1,2.0,4,38304.0
46.0,0,3,9.0,2,1,4,4.0,1,3.0,1,6.0,0,1,1,3.0,2,23832.0
44.0,0,1,28.0,3,2,4,4.0,0,3.0,1,2.0,0,4,1,3.0,1,20936.0
29.0,1,1,36.0,2,2,4,6.0,1,4.0,0,3.0,0,1,1,3.0,2,25227.0
36.0,1,1,23.0,3,2,3,3.0,0,4.0,0,2.0,0,3,1,2.0,1,21104.0
20.0,1,1,16.0,2,2,3,4.0,0,5.0,2,3.0,0,3,0,2.0,1,21230.0
35.0,1,1,15.0,2,2,3,4.0,1,4.0,3,1.0,0,1,0,1.0,2,21540.0
43.0,1,1,9.0,2,1,3,4.0,1,3.0,1,3.0,0,1,0,1.0,2,22767.0
33.0,1,3,26.0,2,2,4,6.0,3,3.0,1,5.0,0,3,1,3.0,3,28288.0
28.0,0,1,6.0,3,2,2,3.0,0,3.0,2,1.0,1,4,0,0.0,1,17154.0
31.0,1,3,14.0,2,2,2,3.0,3,3.0,1,2.0,0,3,1,0.0,3,25793.0
26.0,1,1,14.0,3,2,4,5.0,0,3.0,1,3.0,0,1,0,3.0,1,21567.0
39.0,0,1,16.0,2,2,4,4.0,1,5.0,1,6.0,0,3,0,3.0,2,25571.0
23.0,1,1,6.0,2,2,2,3.0,0,3.0,0,2.0,0,4,0,1.0,1,16223.0
54.0,1,3,15.0,3,2,4,4.0,4,3.0,1,7.0,0,3,1,1.0,0,30514.0
33.0,1,3,14.0,3,2,2,3.0,1,3.0,1,1.0,0,1,0,0.0,2,22104.0
52.0,0,1,31.0,3,1,2,4.0,4,3.0,1,4.0,0,5,0,1.0,0,28826.0
40.0,1,1,16.0,2,1,2,1.0,0,3.0,1,4.0,1,3,0,1.0,1,17213.0
37.0,1,1,7.0,2,1,2,4.0,1,3.0,1,2.0,0,1,0,0.0,2,21474.0
31.0,1,1,7.0,3,2,4,4.0,0,4.0,0,2.0,1,4,1,3.0,1,22257.0
31.0,1,1,17.0,2,2,2,3.0,0,3.0,1,4.0,1,3,0,0.0,1,17356.0
47.0,1,1,8.0,3,1,3,3.0,1,3.0,1,6.0,0,2,0,1.0,2,20070.0
26.0,1,2,31.0,2,1,3,3.0,0,3.0,1,2.0,0,4,1,1.0,1,17942.0
20.0,0,1,17.0,3,1,4,5.0,0,4.0,2,3.0,1,5,1,2.0,1,20537.0
30.0,1,3,30.0,2,1,3,5.0,3,5.0,1,3.0,0,3,1,2.0,3,26014.0
45.0,0,1,31.0,3,2,3,6.0,0,3.0,3,4.0,0,3,0,2.0,1,22386.0
31.0,0,1,16.0,3,2,4,4.0,1,5.0,1,3.0,0,1,1,2.0,2,21750.0
31.0,1,2,14.0,3,1,3,1.0,0,4.0,2,1.0,0,1,0,2.0,1,17109.0
30.0,1,1,30.0,2,2,3,2.0,0,3.0,0,3.0,0,2,1,2.0,1,21378.0
36.0,0,3,25.0,2,2,4,4.0,3,5.0,0,3.0,0,4,1,1.0,3,27747.0
28.0,1,1,13.0,3,1,4,5.0,0,3.0,1,2.0,0,2,1,2.0,1,20865.0
37.0,1,1,33.0,2,2,4,4.0,1,3.0,1,8.0,0,3,1,1.0,2,24025.0
19.0,0,3,6.0,1,1,3,5.0,0,5.0,2,1.0,0,3,1,0.0,1,17325.0
33.0,1,1,10.0,3,1,2,4.0,0,4.0,0,7.0,0,4,0,0.0,1,17622.0
32.0,1,3,20.0,3,2,4,5.0,1,5.0,1,7.0,1,1,1,1.0,2,20980.0
33.0,0,1,36.0,3,1,4,4.0,0,3.0,3,2.0,0,3,1,3.0,1,22703.0
52.0,1,1,14.0,2,1,2,3.0,0,5.0,0,1.0,0,1,1,1.0,1,17950.0
52.0,1,1,18.0,1,1,3,5.0,4,4.0,2,5.0,0,1,0,2.0,0,31820.0
47.0,1,1,9.0,1,2,3,4.0,1,3.0,1,4.0,0,2,1,1.0,2,26057.0
48.0,1,3,35.0,3,1,3,3.0,3,3.0,1,4.0,0,4,0,1.0,3,27504.0
46.0,1,1,7.0,3,1,4,4.0,0,3.0,1,5.0,0,5,1,1.0,1,20948.0
35.0,0,3,30.0,3,2,4,4.0,1,3.0,3,2.0,0,5,1,2.0,2,23246.0
44.0,1,1,16.0,2,2,2,3.0,1,3.0,0,3.0,1,3,1,1.0,2,21465.0
41.0,0,3,12.0,2,2,3,5.0,3,5.0,0,7.0,1,5,0,2.0,3,29153.0
46.0,0,1,30.0,2,2,3,4.0,1,5.0,1,3.0,1,1,1,1.0,2,22311.0
39.0,1,1,7.0,2,1,3,4.0,0,5.0,3,5.0,0,1,0,2.0,1,21297.0
30.0,0,3,32.0,3,1,2,4.0,1,5.0,3,6.0,0,2,0,1.0,2,21696.0
43.0,1,1,9.0,3,1,3,5.0,0,5.0,1,2.0,1,4,1,1.0,1,21271.0
28.0,1,3,16.0,3,2,3,4.0,1,3.0,3,3.0,0,1,0,2.0,2,22783.0
60.0,1,1,13.0,2,1,2,3.0,2,5.0,0,6.0,0,5,0,0.0,4,34566.0
32.0,0,1,27.0,2,2,4,4.0,3,3.0,0,5.0,0,3,1,1.0,3,28502.0
27.0,0,1,16.0,2,2,2,3.0,3,5.0,1,2.0,0,3,1,0.0,3,23793.0
29.0,1,1,7.0,2,1,4,6.0,0,4.0,2,2.0,1,1,1,3.0,1,20894.0
23.0,1,1,12.0,2,2,3,3.0,0,4.0,1,3.0,1,4,0,1.0,1,21006.0
39.0,1,3,9.0,2,1,3,4.0,1,5.0,1,5.0,0,4,0,2.0,2,25571.0
